id;key_hash;endpoint;user_id;created_at;response_body;response_status;transaction_reference
1;ack;often;4215;2025-12-15T04:07:16;../fake-data/blob/hipster.txt;27458;round gnash thyme
2;deceivingly while hasty;pertain pretty cooperative;15077;2025-12-15T07:06:38;../fake-data/blob/hipster.txt;9408;chromakey following
3;as;mythology boohoo;29;2025-12-15T05:10:44;../fake-data/blob/hipster.txt;596;winding velocity
4;by swine;yuck midst;16850;2025-12-14T22:58:44;../fake-data/blob/hipster.txt;30142;woot cram numeracy
5;jiggle yum;welcome;12126;2025-12-15T05:52:13;../fake-data/blob/hipster.txt;26942;vice hearten gadzooks
6;briefly represent athwart;sweetly;25916;2025-12-15T01:19:41;../fake-data/blob/hipster.txt;30825;necessary suspiciously
7;impostor gee;lest parody yuck;7913;2025-12-15T11:23:41;../fake-data/blob/hipster.txt;3188;short-term furthermore safely
8;graft brr chatter;hourly;2560;2025-12-15T04:57:22;../fake-data/blob/hipster.txt;22676;ew
9;boo;of anti;28445;2025-12-15T12:11:19;../fake-data/blob/hipster.txt;7784;furthermore which on
10;as bidet once;supportive acidly brr;9757;2025-12-15T03:22:30;../fake-data/blob/hipster.txt;4132;yellowish
